Product Name,Brand,Price,Link
Gel r?a m?t t?o b?t Micro Luffa,Minus 417,383,https://www.thegioinuochoa.com.vn/minus417/5743-facial-micro-luffa-foaming-gel-mini.html
T?m g?i 2 trong 1 cho nam,Minus 417,383,https://www.thegioinuochoa.com.vn/minus417/6181-for-men-body-hair-shampoo.html
Bright Crystal,Versace,2.763.000,https://www.thegioinuochoa.com.vn/versace/195-bright-crystal.html
N??c d??ng khoáng ch?t cân b?ng ?? ?m ,Minus 417,383,https://www.thegioinuochoa.com.vn/minus417/6068-re-define-mineral-infusion-hydrating-toner.html
Versace Pour Homme,Versace,2.428.000,https://www.thegioinuochoa.com.vn/versace/1164-versace-pour-homme.html
Versace Eros for Men,Versace,2.578.000,https://www.thegioinuochoa.com.vn/versace/3363-versace-eros-for-men.html
Gift Bvlgari for men 3pc ,Bvlgari,196,https://www.thegioinuochoa.com.vn/bvlgari/5310-gift-bvlgari-for-men-3pc.html
Bvlgari Man Wood Essence ,Bvlgari,2.520.000,https://www.thegioinuochoa.com.vn/bvlgari/5782-bvlgari-man-wood-essence.html
X?t ch?ng n?ng dành cho da m?t SPF50,Minus 417,526,https://www.thegioinuochoa.com.vn/minus417/6162-time-control-beautifying-facial-defense-mist-spf50.html
Euphoria for woman,Calvin Klein,2.904.000,https://www.thegioinuochoa.com.vn/calvin-klein/356-euphoria-for-woman.html
B? s?n ph?m bùn và khoáng ch?t bi?n ch?t quý giá dành cho nam,Minus 417,903,https://www.thegioinuochoa.com.vn/minus417/6194-for-men-precious-dead-sea-minerals-and-mud.html
D?u s?n ch?c da,Langé,578,https://www.thegioinuochoa.com.vn/lange/6187-toning-beauty-oil.html
B? d??ng th? - H??ng bi?n,Minus 417,519,https://www.thegioinuochoa.com.vn/minus417/5755-serenity-legend-aromatic-deep-nutrition-body-butter-ocean.html
B? s?n ph?m ch?m sóc c? th? và tóc - Mud Set,Minus 417,877,https://www.thegioinuochoa.com.vn/minus417/6318-my-body-and-hair-beauty-essentials-mud-set.html
Kem d??ng ban ?êm Hydra-Global,Langé,1.293.000,https://www.thegioinuochoa.com.vn/lange/6042-hydra-global-active-night-cream.html
Mu?i t?y t? bào ch?t - H??ng xoài và kiwi,Minus 417,584,https://www.thegioinuochoa.com.vn/minus417/5760-serenity-legend-aromatic-balancing-body-scrub-kiwi-mango.html
Kem d??ng ch?ng lão hóa ban ngày,Langé,1.235.000,https://www.thegioinuochoa.com.vn/lange/6034-nutri-protection-day-cream.html
(M?t mi?ng) ONE SHINING DAY Hydration Cream Two Step Solution Mask,8:TY,96,https://www.thegioinuochoa.com.vn/8-ty/6243-mot-mieng-one-shining-day-hydration-cream-two-step-solution-mask.html
B? d??ng th? - H??ng hoa o?i h??ng,Minus 417,519,https://www.thegioinuochoa.com.vn/minus417/5757-serenity-legend-aromatic-deep-nutrition-body-butter-lavender.html
Bvlgari Man In Black,Bvlgari,2.520.000,https://www.thegioinuochoa.com.vn/bvlgari/4151-bvlgari-man-in-black.html
Set M.O.I 24/7 Cool Cool Girl 3pcs,M.O.I,711,https://www.thegioinuochoa.com.vn/moi/5866-set-moi-24-7-cool-cool-girl-3pcs.html
Versace Man Eau Fraiche,Versace,610,https://www.thegioinuochoa.com.vn/versace/197-versace-man-eau-fraiche.html
Bright Crystal Absolu for women,Versace,2.252.000,https://www.thegioinuochoa.com.vn/versace/4050-bright-crystal-absolu-for-women.html
Versace Yellow Diamond Intense for women,Versace,247,https://www.thegioinuochoa.com.vn/versace/4298-versace-yellow-diamond-intense-for-women.html
Versace Pour Homme Dylan Blue,Versace,2.578.000,https://www.thegioinuochoa.com.vn/versace/4602-versace-pour-homme-dylan-blue.html
M.O.I Matte Lipstick – LOVE No. 2,M.O.I,287,https://www.thegioinuochoa.com.vn/moi/6138-moi-matte-lipstick-love-no-2.html
B? kem d??ng tr?ng da Whitening (Mini),Langé,625,https://www.thegioinuochoa.com.vn/lange/6335-whitening-set-mini.html
Signorina Misteriosa for women,Salvatore Ferragamo,247,https://www.thegioinuochoa.com.vn/salvatore-ferragamo/4563-signorina-misteriosa-for-women.html
Euphoria Intense,Calvin Klein,1.294.000,https://www.thegioinuochoa.com.vn/calvin-klein/1050-euphoria-intense.html
Tommy,Tommy Hilfiger,545,https://www.thegioinuochoa.com.vn/tommy-hilfiger/243-tommy.html
B? d??ng th? - H??ng s?a và m?t ong,Minus 417,519,https://www.thegioinuochoa.com.vn/minus417/5758-serenity-legend-aromatic-deep-nutrition-body-butter-milk-honey.html
Kem làm sáng da ban ngày,Langé,1.293.000,https://www.thegioinuochoa.com.vn/lange/6029-lightening-day-cream.html
Versace Crystal Noir EDT,Versace,1.356.000,https://www.thegioinuochoa.com.vn/versace/200-versace-crystal-noir-edt.html
Gift Versace Pour Homme Mini,Versace,247,https://www.thegioinuochoa.com.vn/versace/1252-gift-versace-pour-homme-mini.html
Le Male Essence Intense,Jean Paul Gaultier,2.279.000,https://www.thegioinuochoa.com.vn/jean-paul-gaultier/4676-le-male-essence-intense.html
CHCH,Carolina Herrera,155,https://www.thegioinuochoa.com.vn/carolina-herrera/1300-chch.html
