Product Name,Brand,Price,Link
Gel rửa mặt tạo bọt Micro Luffa,Minus 417,383.000,https://www.thegioinuochoa.com.vn/minus417/5743-facial-micro-luffa-foaming-gel-mini.html
Tắm gội 2 trong 1 cho nam,Minus 417,383.000,https://www.thegioinuochoa.com.vn/minus417/6181-for-men-body-hair-shampoo.html
Bright Crystal,Versace,2.763.000,https://www.thegioinuochoa.com.vn/versace/195-bright-crystal.html
Nước dưỡng khoáng chất cân bằng độ ẩm ,Minus 417,383.000,https://www.thegioinuochoa.com.vn/minus417/6068-re-define-mineral-infusion-hydrating-toner.html
Versace Pour Homme,Versace,2.428.000,https://www.thegioinuochoa.com.vn/versace/1164-versace-pour-homme.html
Versace Eros for Men,Versace,2.578.000,https://www.thegioinuochoa.com.vn/versace/3363-versace-eros-for-men.html
Gift Bvlgari for men 3pc ,Bvlgari,196.000,https://www.thegioinuochoa.com.vn/bvlgari/5310-gift-bvlgari-for-men-3pc.html
Bvlgari Man Wood Essence ,Bvlgari,2.520.000,https://www.thegioinuochoa.com.vn/bvlgari/5782-bvlgari-man-wood-essence.html
Xịt chống nắng dành cho da mặt SPF50,Minus 417,526.000,https://www.thegioinuochoa.com.vn/minus417/6162-time-control-beautifying-facial-defense-mist-spf50.html
Euphoria for woman,Calvin Klein,2.904.000,https://www.thegioinuochoa.com.vn/calvin-klein/356-euphoria-for-woman.html
Dầu săn chắc da,Langé,578.000,https://www.thegioinuochoa.com.vn/lange/6187-toning-beauty-oil.html
Bộ sản phẩm bùn và khoáng chất biển chết quý giá dành cho nam,Minus 417,903.000,https://www.thegioinuochoa.com.vn/minus417/6194-for-men-precious-dead-sea-minerals-and-mud.html
Bơ dưỡng thể - Hương biển,Minus 417,519.000,https://www.thegioinuochoa.com.vn/minus417/5755-serenity-legend-aromatic-deep-nutrition-body-butter-ocean.html
Bộ sản phẩm chăm sóc cơ thể và tóc - Mud Set,Minus 417,877.000,https://www.thegioinuochoa.com.vn/minus417/6318-my-body-and-hair-beauty-essentials-mud-set.html
Kem dưỡng ban đêm Hydra-Global,Langé,1.293.000,https://www.thegioinuochoa.com.vn/lange/6042-hydra-global-active-night-cream.html
Muối tẩy tế bào chết - Hương xoài và kiwi,Minus 417,584.000,https://www.thegioinuochoa.com.vn/minus417/5760-serenity-legend-aromatic-balancing-body-scrub-kiwi-mango.html
Kem dưỡng chống lão hóa ban ngày,Langé,1.235.000,https://www.thegioinuochoa.com.vn/lange/6034-nutri-protection-day-cream.html
(Một miếng) ONE SHINING DAY Hydration Cream Two Step Solution Mask,8:TY,96.000,https://www.thegioinuochoa.com.vn/8-ty/6243-mot-mieng-one-shining-day-hydration-cream-two-step-solution-mask.html
Bvlgari Man In Black,Bvlgari,2.520.000,https://www.thegioinuochoa.com.vn/bvlgari/4151-bvlgari-man-in-black.html
Bơ dưỡng thể - Hương hoa oải hương,Minus 417,519.000,https://www.thegioinuochoa.com.vn/minus417/5757-serenity-legend-aromatic-deep-nutrition-body-butter-lavender.html
Set M.O.I 24/7 Cool Cool Girl 3pcs,M.O.I,711.000,https://www.thegioinuochoa.com.vn/moi/5866-set-moi-24-7-cool-cool-girl-3pcs.html
Versace Man Eau Fraiche,Versace,610.000,https://www.thegioinuochoa.com.vn/versace/197-versace-man-eau-fraiche.html
M.O.I Matte Lipstick – LOVE No. 2,M.O.I,287.000,https://www.thegioinuochoa.com.vn/moi/6138-moi-matte-lipstick-love-no-2.html
Signorina Misteriosa for women,Salvatore Ferragamo,247.000,https://www.thegioinuochoa.com.vn/salvatore-ferragamo/4563-signorina-misteriosa-for-women.html
Bright Crystal Absolu for women,Versace,2.252.000,https://www.thegioinuochoa.com.vn/versace/4050-bright-crystal-absolu-for-women.html
Versace Yellow Diamond Intense for women,Versace,247.000,https://www.thegioinuochoa.com.vn/versace/4298-versace-yellow-diamond-intense-for-women.html
Bộ kem dưỡng trắng da Whitening (Mini),Langé,625.000,https://www.thegioinuochoa.com.vn/lange/6335-whitening-set-mini.html
Versace Pour Homme Dylan Blue,Versace,2.578.000,https://www.thegioinuochoa.com.vn/versace/4602-versace-pour-homme-dylan-blue.html
Euphoria Intense,Calvin Klein,1.294.000,https://www.thegioinuochoa.com.vn/calvin-klein/1050-euphoria-intense.html
Bơ dưỡng thể - Hương sữa và mật ong,Minus 417,519.000,https://www.thegioinuochoa.com.vn/minus417/5758-serenity-legend-aromatic-deep-nutrition-body-butter-milk-honey.html
Tommy,Tommy Hilfiger,545.000,https://www.thegioinuochoa.com.vn/tommy-hilfiger/243-tommy.html
Le Male Essence Intense,Jean Paul Gaultier,2.279.000,https://www.thegioinuochoa.com.vn/jean-paul-gaultier/4676-le-male-essence-intense.html
Versace Crystal Noir EDT,Versace,1.356.000,https://www.thegioinuochoa.com.vn/versace/200-versace-crystal-noir-edt.html
Gift Versace Pour Homme Mini,Versace,247.000,https://www.thegioinuochoa.com.vn/versace/1252-gift-versace-pour-homme-mini.html
CHCH,Carolina Herrera,155.000,https://www.thegioinuochoa.com.vn/carolina-herrera/1300-chch.html
Kem làm sáng da ban ngày,Langé,1.293.000,https://www.thegioinuochoa.com.vn/lange/6029-lightening-day-cream.html
Gel rửa mặt tạo bọt Micro Luffa,Minus 417,383.000,https://www.thegioinuochoa.com.vn/minus417/5743-facial-micro-luffa-foaming-gel-mini.html
Tắm gội 2 trong 1 cho nam,Minus 417,383.000,https://www.thegioinuochoa.com.vn/minus417/6181-for-men-body-hair-shampoo.html
Bright Crystal,Versace,2.763.000,https://www.thegioinuochoa.com.vn/versace/195-bright-crystal.html
Nước dưỡng khoáng chất cân bằng độ ẩm ,Minus 417,383.000,https://www.thegioinuochoa.com.vn/minus417/6068-re-define-mineral-infusion-hydrating-toner.html
Versace Pour Homme,Versace,2.428.000,https://www.thegioinuochoa.com.vn/versace/1164-versace-pour-homme.html
Versace Eros for Men,Versace,2.578.000,https://www.thegioinuochoa.com.vn/versace/3363-versace-eros-for-men.html
Gift Bvlgari for men 3pc ,Bvlgari,196.000,https://www.thegioinuochoa.com.vn/bvlgari/5310-gift-bvlgari-for-men-3pc.html
Bvlgari Man Wood Essence ,Bvlgari,2.520.000,https://www.thegioinuochoa.com.vn/bvlgari/5782-bvlgari-man-wood-essence.html
Xịt chống nắng dành cho da mặt SPF50,Minus 417,526.000,https://www.thegioinuochoa.com.vn/minus417/6162-time-control-beautifying-facial-defense-mist-spf50.html
Euphoria for woman,Calvin Klein,2.904.000,https://www.thegioinuochoa.com.vn/calvin-klein/356-euphoria-for-woman.html
Dầu săn chắc da,Langé,578.000,https://www.thegioinuochoa.com.vn/lange/6187-toning-beauty-oil.html
Bộ sản phẩm bùn và khoáng chất biển chết quý giá dành cho nam,Minus 417,903.000,https://www.thegioinuochoa.com.vn/minus417/6194-for-men-precious-dead-sea-minerals-and-mud.html
Bơ dưỡng thể - Hương biển,Minus 417,519.000,https://www.thegioinuochoa.com.vn/minus417/5755-serenity-legend-aromatic-deep-nutrition-body-butter-ocean.html
Bộ sản phẩm chăm sóc cơ thể và tóc - Mud Set,Minus 417,877.000,https://www.thegioinuochoa.com.vn/minus417/6318-my-body-and-hair-beauty-essentials-mud-set.html
Kem dưỡng chống lão hóa ban ngày,Langé,1.235.000,https://www.thegioinuochoa.com.vn/lange/6034-nutri-protection-day-cream.html
Kem dưỡng ban đêm Hydra-Global,Langé,1.293.000,https://www.thegioinuochoa.com.vn/lange/6042-hydra-global-active-night-cream.html
Muối tẩy tế bào chết - Hương xoài và kiwi,Minus 417,584.000,https://www.thegioinuochoa.com.vn/minus417/5760-serenity-legend-aromatic-balancing-body-scrub-kiwi-mango.html
(Một miếng) ONE SHINING DAY Hydration Cream Two Step Solution Mask,8:TY,96.000,https://www.thegioinuochoa.com.vn/8-ty/6243-mot-mieng-one-shining-day-hydration-cream-two-step-solution-mask.html
Versace Man Eau Fraiche,Versace,610.000,https://www.thegioinuochoa.com.vn/versace/197-versace-man-eau-fraiche.html
Bvlgari Man In Black,Bvlgari,2.520.000,https://www.thegioinuochoa.com.vn/bvlgari/4151-bvlgari-man-in-black.html
Bơ dưỡng thể - Hương hoa oải hương,Minus 417,519.000,https://www.thegioinuochoa.com.vn/minus417/5757-serenity-legend-aromatic-deep-nutrition-body-butter-lavender.html
Set M.O.I 24/7 Cool Cool Girl 3pcs,M.O.I,711.000,https://www.thegioinuochoa.com.vn/moi/5866-set-moi-24-7-cool-cool-girl-3pcs.html
Bơ dưỡng thể - Hương sữa và mật ong,Minus 417,519.000,https://www.thegioinuochoa.com.vn/minus417/5758-serenity-legend-aromatic-deep-nutrition-body-butter-milk-honey.html
Euphoria Intense,Calvin Klein,1.294.000,https://www.thegioinuochoa.com.vn/calvin-klein/1050-euphoria-intense.html
M.O.I Matte Lipstick – LOVE No. 2,M.O.I,287.000,https://www.thegioinuochoa.com.vn/moi/6138-moi-matte-lipstick-love-no-2.html
Tommy,Tommy Hilfiger,545.000,https://www.thegioinuochoa.com.vn/tommy-hilfiger/243-tommy.html
Signorina Misteriosa for women,Salvatore Ferragamo,247.000,https://www.thegioinuochoa.com.vn/salvatore-ferragamo/4563-signorina-misteriosa-for-women.html
Bộ kem dưỡng trắng da Whitening (Mini),Langé,625.000,https://www.thegioinuochoa.com.vn/lange/6335-whitening-set-mini.html
Bright Crystal Absolu for women,Versace,2.252.000,https://www.thegioinuochoa.com.vn/versace/4050-bright-crystal-absolu-for-women.html
Versace Yellow Diamond Intense for women,Versace,247.000,https://www.thegioinuochoa.com.vn/versace/4298-versace-yellow-diamond-intense-for-women.html
Versace Pour Homme Dylan Blue,Versace,2.578.000,https://www.thegioinuochoa.com.vn/versace/4602-versace-pour-homme-dylan-blue.html
Kem làm sáng da ban ngày,Langé,1.293.000,https://www.thegioinuochoa.com.vn/lange/6029-lightening-day-cream.html
Gift Versace Pour Homme Mini,Versace,247.000,https://www.thegioinuochoa.com.vn/versace/1252-gift-versace-pour-homme-mini.html
CHCH,Carolina Herrera,155.000,https://www.thegioinuochoa.com.vn/carolina-herrera/1300-chch.html
Le Male Essence Intense,Jean Paul Gaultier,2.279.000,https://www.thegioinuochoa.com.vn/jean-paul-gaultier/4676-le-male-essence-intense.html
Versace Crystal Noir EDT,Versace,1.356.000,https://www.thegioinuochoa.com.vn/versace/200-versace-crystal-noir-edt.html
Gel rửa mặt tạo bọt Micro Luffa,Minus 417,383.000,https://www.thegioinuochoa.com.vn/minus417/5743-facial-micro-luffa-foaming-gel-mini.html
Tắm gội 2 trong 1 cho nam,Minus 417,383.000,https://www.thegioinuochoa.com.vn/minus417/6181-for-men-body-hair-shampoo.html
Bright Crystal,Versace,2.763.000,https://www.thegioinuochoa.com.vn/versace/195-bright-crystal.html
Nước dưỡng khoáng chất cân bằng độ ẩm ,Minus 417,383.000,https://www.thegioinuochoa.com.vn/minus417/6068-re-define-mineral-infusion-hydrating-toner.html
Versace Pour Homme,Versace,2.428.000,https://www.thegioinuochoa.com.vn/versace/1164-versace-pour-homme.html
Versace Eros for Men,Versace,2.578.000,https://www.thegioinuochoa.com.vn/versace/3363-versace-eros-for-men.html
Gift Bvlgari for men 3pc ,Bvlgari,196.000,https://www.thegioinuochoa.com.vn/bvlgari/5310-gift-bvlgari-for-men-3pc.html
Bvlgari Man Wood Essence ,Bvlgari,2.520.000,https://www.thegioinuochoa.com.vn/bvlgari/5782-bvlgari-man-wood-essence.html
Xịt chống nắng dành cho da mặt SPF50,Minus 417,526.000,https://www.thegioinuochoa.com.vn/minus417/6162-time-control-beautifying-facial-defense-mist-spf50.html
Euphoria for woman,Calvin Klein,2.904.000,https://www.thegioinuochoa.com.vn/calvin-klein/356-euphoria-for-woman.html
Dầu săn chắc da,Langé,578.000,https://www.thegioinuochoa.com.vn/lange/6187-toning-beauty-oil.html
Bộ sản phẩm bùn và khoáng chất biển chết quý giá dành cho nam,Minus 417,903.000,https://www.thegioinuochoa.com.vn/minus417/6194-for-men-precious-dead-sea-minerals-and-mud.html
Bơ dưỡng thể - Hương biển,Minus 417,519.000,https://www.thegioinuochoa.com.vn/minus417/5755-serenity-legend-aromatic-deep-nutrition-body-butter-ocean.html
Bộ sản phẩm chăm sóc cơ thể và tóc - Mud Set,Minus 417,877.000,https://www.thegioinuochoa.com.vn/minus417/6318-my-body-and-hair-beauty-essentials-mud-set.html
Kem dưỡng ban đêm Hydra-Global,Langé,1.293.000,https://www.thegioinuochoa.com.vn/lange/6042-hydra-global-active-night-cream.html
Muối tẩy tế bào chết - Hương xoài và kiwi,Minus 417,584.000,https://www.thegioinuochoa.com.vn/minus417/5760-serenity-legend-aromatic-balancing-body-scrub-kiwi-mango.html
Kem dưỡng chống lão hóa ban ngày,Langé,1.235.000,https://www.thegioinuochoa.com.vn/lange/6034-nutri-protection-day-cream.html
(Một miếng) ONE SHINING DAY Hydration Cream Two Step Solution Mask,8:TY,96.000,https://www.thegioinuochoa.com.vn/8-ty/6243-mot-mieng-one-shining-day-hydration-cream-two-step-solution-mask.html
Versace Man Eau Fraiche,Versace,610.000,https://www.thegioinuochoa.com.vn/versace/197-versace-man-eau-fraiche.html
Bvlgari Man In Black,Bvlgari,2.520.000,https://www.thegioinuochoa.com.vn/bvlgari/4151-bvlgari-man-in-black.html
Bơ dưỡng thể - Hương hoa oải hương,Minus 417,519.000,https://www.thegioinuochoa.com.vn/minus417/5757-serenity-legend-aromatic-deep-nutrition-body-butter-lavender.html
Set M.O.I 24/7 Cool Cool Girl 3pcs,M.O.I,711.000,https://www.thegioinuochoa.com.vn/moi/5866-set-moi-24-7-cool-cool-girl-3pcs.html
Euphoria Intense,Calvin Klein,1.294.000,https://www.thegioinuochoa.com.vn/calvin-klein/1050-euphoria-intense.html
Bơ dưỡng thể - Hương sữa và mật ong,Minus 417,519.000,https://www.thegioinuochoa.com.vn/minus417/5758-serenity-legend-aromatic-deep-nutrition-body-butter-milk-honey.html
Tommy,Tommy Hilfiger,545.000,https://www.thegioinuochoa.com.vn/tommy-hilfiger/243-tommy.html
M.O.I Matte Lipstick – LOVE No. 2,M.O.I,287.000,https://www.thegioinuochoa.com.vn/moi/6138-moi-matte-lipstick-love-no-2.html
Signorina Misteriosa for women,Salvatore Ferragamo,247.000,https://www.thegioinuochoa.com.vn/salvatore-ferragamo/4563-signorina-misteriosa-for-women.html
Bộ kem dưỡng trắng da Whitening (Mini),Langé,625.000,https://www.thegioinuochoa.com.vn/lange/6335-whitening-set-mini.html
Bright Crystal Absolu for women,Versace,2.252.000,https://www.thegioinuochoa.com.vn/versace/4050-bright-crystal-absolu-for-women.html
Versace Yellow Diamond Intense for women,Versace,247.000,https://www.thegioinuochoa.com.vn/versace/4298-versace-yellow-diamond-intense-for-women.html
Versace Pour Homme Dylan Blue,Versace,2.578.000,https://www.thegioinuochoa.com.vn/versace/4602-versace-pour-homme-dylan-blue.html
Gift Versace Pour Homme Mini,Versace,247.000,https://www.thegioinuochoa.com.vn/versace/1252-gift-versace-pour-homme-mini.html
CHCH,Carolina Herrera,155.000,https://www.thegioinuochoa.com.vn/carolina-herrera/1300-chch.html
Le Male Essence Intense,Jean Paul Gaultier,2.279.000,https://www.thegioinuochoa.com.vn/jean-paul-gaultier/4676-le-male-essence-intense.html
Versace Crystal Noir EDT,Versace,1.356.000,https://www.thegioinuochoa.com.vn/versace/200-versace-crystal-noir-edt.html
Kem làm sáng da ban ngày,Langé,1.293.000,https://www.thegioinuochoa.com.vn/lange/6029-lightening-day-cream.html
Gel rửa mặt tạo bọt Micro Luffa,Minus 417,383.000,https://www.thegioinuochoa.com.vn/minus417/5743-facial-micro-luffa-foaming-gel-mini.html
Tắm gội 2 trong 1 cho nam,Minus 417,383.000,https://www.thegioinuochoa.com.vn/minus417/6181-for-men-body-hair-shampoo.html
Bright Crystal,Versace,2.763.000,https://www.thegioinuochoa.com.vn/versace/195-bright-crystal.html
Nước dưỡng khoáng chất cân bằng độ ẩm ,Minus 417,383.000,https://www.thegioinuochoa.com.vn/minus417/6068-re-define-mineral-infusion-hydrating-toner.html
Versace Pour Homme,Versace,2.428.000,https://www.thegioinuochoa.com.vn/versace/1164-versace-pour-homme.html
Versace Eros for Men,Versace,2.578.000,https://www.thegioinuochoa.com.vn/versace/3363-versace-eros-for-men.html
Gift Bvlgari for men 3pc ,Bvlgari,196.000,https://www.thegioinuochoa.com.vn/bvlgari/5310-gift-bvlgari-for-men-3pc.html
Bvlgari Man Wood Essence ,Bvlgari,2.520.000,https://www.thegioinuochoa.com.vn/bvlgari/5782-bvlgari-man-wood-essence.html
Xịt chống nắng dành cho da mặt SPF50,Minus 417,526.000,https://www.thegioinuochoa.com.vn/minus417/6162-time-control-beautifying-facial-defense-mist-spf50.html
Euphoria for woman,Calvin Klein,2.904.000,https://www.thegioinuochoa.com.vn/calvin-klein/356-euphoria-for-woman.html
Bộ sản phẩm bùn và khoáng chất biển chết quý giá dành cho nam,Minus 417,903.000,https://www.thegioinuochoa.com.vn/minus417/6194-for-men-precious-dead-sea-minerals-and-mud.html
Dầu săn chắc da,Langé,578.000,https://www.thegioinuochoa.com.vn/lange/6187-toning-beauty-oil.html
Bơ dưỡng thể - Hương biển,Minus 417,519.000,https://www.thegioinuochoa.com.vn/minus417/5755-serenity-legend-aromatic-deep-nutrition-body-butter-ocean.html
Bộ sản phẩm chăm sóc cơ thể và tóc - Mud Set,Minus 417,877.000,https://www.thegioinuochoa.com.vn/minus417/6318-my-body-and-hair-beauty-essentials-mud-set.html
Kem dưỡng chống lão hóa ban ngày,Langé,1.235.000,https://www.thegioinuochoa.com.vn/lange/6034-nutri-protection-day-cream.html
Kem dưỡng ban đêm Hydra-Global,Langé,1.293.000,https://www.thegioinuochoa.com.vn/lange/6042-hydra-global-active-night-cream.html
Muối tẩy tế bào chết - Hương xoài và kiwi,Minus 417,584.000,https://www.thegioinuochoa.com.vn/minus417/5760-serenity-legend-aromatic-balancing-body-scrub-kiwi-mango.html
(Một miếng) ONE SHINING DAY Hydration Cream Two Step Solution Mask,8:TY,96.000,https://www.thegioinuochoa.com.vn/8-ty/6243-mot-mieng-one-shining-day-hydration-cream-two-step-solution-mask.html
Versace Man Eau Fraiche,Versace,610.000,https://www.thegioinuochoa.com.vn/versace/197-versace-man-eau-fraiche.html
Bvlgari Man In Black,Bvlgari,2.520.000,https://www.thegioinuochoa.com.vn/bvlgari/4151-bvlgari-man-in-black.html
Bơ dưỡng thể - Hương hoa oải hương,Minus 417,519.000,https://www.thegioinuochoa.com.vn/minus417/5757-serenity-legend-aromatic-deep-nutrition-body-butter-lavender.html
Set M.O.I 24/7 Cool Cool Girl 3pcs,M.O.I,711.000,https://www.thegioinuochoa.com.vn/moi/5866-set-moi-24-7-cool-cool-girl-3pcs.html
Euphoria Intense,Calvin Klein,1.294.000,https://www.thegioinuochoa.com.vn/calvin-klein/1050-euphoria-intense.html
M.O.I Matte Lipstick – LOVE No. 2,M.O.I,287.000,https://www.thegioinuochoa.com.vn/moi/6138-moi-matte-lipstick-love-no-2.html
Tommy,Tommy Hilfiger,545.000,https://www.thegioinuochoa.com.vn/tommy-hilfiger/243-tommy.html
Signorina Misteriosa for women,Salvatore Ferragamo,247.000,https://www.thegioinuochoa.com.vn/salvatore-ferragamo/4563-signorina-misteriosa-for-women.html
Bộ kem dưỡng trắng da Whitening (Mini),Langé,625.000,https://www.thegioinuochoa.com.vn/lange/6335-whitening-set-mini.html
Bright Crystal Absolu for women,Versace,2.252.000,https://www.thegioinuochoa.com.vn/versace/4050-bright-crystal-absolu-for-women.html
Versace Yellow Diamond Intense for women,Versace,247.000,https://www.thegioinuochoa.com.vn/versace/4298-versace-yellow-diamond-intense-for-women.html
Versace Pour Homme Dylan Blue,Versace,2.578.000,https://www.thegioinuochoa.com.vn/versace/4602-versace-pour-homme-dylan-blue.html
Bơ dưỡng thể - Hương sữa và mật ong,Minus 417,519.000,https://www.thegioinuochoa.com.vn/minus417/5758-serenity-legend-aromatic-deep-nutrition-body-butter-milk-honey.html
Kem làm sáng da ban ngày,Langé,1.293.000,https://www.thegioinuochoa.com.vn/lange/6029-lightening-day-cream.html
Gift Versace Pour Homme Mini,Versace,247.000,https://www.thegioinuochoa.com.vn/versace/1252-gift-versace-pour-homme-mini.html
CHCH,Carolina Herrera,155.000,https://www.thegioinuochoa.com.vn/carolina-herrera/1300-chch.html
Le Male Essence Intense,Jean Paul Gaultier,2.279.000,https://www.thegioinuochoa.com.vn/jean-paul-gaultier/4676-le-male-essence-intense.html
Versace Crystal Noir EDT,Versace,1.356.000,https://www.thegioinuochoa.com.vn/versace/200-versace-crystal-noir-edt.html
Gel rửa mặt tạo bọt Micro Luffa,Minus 417,383.000,https://www.thegioinuochoa.com.vn/minus417/5743-facial-micro-luffa-foaming-gel-mini.html
Tắm gội 2 trong 1 cho nam,Minus 417,383.000,https://www.thegioinuochoa.com.vn/minus417/6181-for-men-body-hair-shampoo.html
Bright Crystal,Versace,2.763.000,https://www.thegioinuochoa.com.vn/versace/195-bright-crystal.html
Nước dưỡng khoáng chất cân bằng độ ẩm ,Minus 417,383.000,https://www.thegioinuochoa.com.vn/minus417/6068-re-define-mineral-infusion-hydrating-toner.html
Versace Pour Homme,Versace,2.428.000,https://www.thegioinuochoa.com.vn/versace/1164-versace-pour-homme.html
Versace Eros for Men,Versace,2.578.000,https://www.thegioinuochoa.com.vn/versace/3363-versace-eros-for-men.html
Gift Bvlgari for men 3pc ,Bvlgari,196.000,https://www.thegioinuochoa.com.vn/bvlgari/5310-gift-bvlgari-for-men-3pc.html
Bvlgari Man Wood Essence ,Bvlgari,2.520.000,https://www.thegioinuochoa.com.vn/bvlgari/5782-bvlgari-man-wood-essence.html
Xịt chống nắng dành cho da mặt SPF50,Minus 417,526.000,https://www.thegioinuochoa.com.vn/minus417/6162-time-control-beautifying-facial-defense-mist-spf50.html
Euphoria for woman,Calvin Klein,2.904.000,https://www.thegioinuochoa.com.vn/calvin-klein/356-euphoria-for-woman.html
Dầu săn chắc da,Langé,578.000,https://www.thegioinuochoa.com.vn/lange/6187-toning-beauty-oil.html
Bộ sản phẩm bùn và khoáng chất biển chết quý giá dành cho nam,Minus 417,903.000,https://www.thegioinuochoa.com.vn/minus417/6194-for-men-precious-dead-sea-minerals-and-mud.html
Bơ dưỡng thể - Hương biển,Minus 417,519.000,https://www.thegioinuochoa.com.vn/minus417/5755-serenity-legend-aromatic-deep-nutrition-body-butter-ocean.html
Bộ sản phẩm chăm sóc cơ thể và tóc - Mud Set,Minus 417,877.000,https://www.thegioinuochoa.com.vn/minus417/6318-my-body-and-hair-beauty-essentials-mud-set.html
Kem dưỡng chống lão hóa ban ngày,Langé,1.235.000,https://www.thegioinuochoa.com.vn/lange/6034-nutri-protection-day-cream.html
Kem dưỡng ban đêm Hydra-Global,Langé,1.293.000,https://www.thegioinuochoa.com.vn/lange/6042-hydra-global-active-night-cream.html
Muối tẩy tế bào chết - Hương xoài và kiwi,Minus 417,584.000,https://www.thegioinuochoa.com.vn/minus417/5760-serenity-legend-aromatic-balancing-body-scrub-kiwi-mango.html
(Một miếng) ONE SHINING DAY Hydration Cream Two Step Solution Mask,8:TY,96.000,https://www.thegioinuochoa.com.vn/8-ty/6243-mot-mieng-one-shining-day-hydration-cream-two-step-solution-mask.html
Bvlgari Man In Black,Bvlgari,2.520.000,https://www.thegioinuochoa.com.vn/bvlgari/4151-bvlgari-man-in-black.html
Versace Man Eau Fraiche,Versace,610.000,https://www.thegioinuochoa.com.vn/versace/197-versace-man-eau-fraiche.html
Bơ dưỡng thể - Hương hoa oải hương,Minus 417,519.000,https://www.thegioinuochoa.com.vn/minus417/5757-serenity-legend-aromatic-deep-nutrition-body-butter-lavender.html
Set M.O.I 24/7 Cool Cool Girl 3pcs,M.O.I,711.000,https://www.thegioinuochoa.com.vn/moi/5866-set-moi-24-7-cool-cool-girl-3pcs.html
Bơ dưỡng thể - Hương sữa và mật ong,Minus 417,519.000,https://www.thegioinuochoa.com.vn/minus417/5758-serenity-legend-aromatic-deep-nutrition-body-butter-milk-honey.html
Euphoria Intense,Calvin Klein,1.294.000,https://www.thegioinuochoa.com.vn/calvin-klein/1050-euphoria-intense.html
Signorina Misteriosa for women,Salvatore Ferragamo,247.000,https://www.thegioinuochoa.com.vn/salvatore-ferragamo/4563-signorina-misteriosa-for-women.html
Bộ kem dưỡng trắng da Whitening (Mini),Langé,625.000,https://www.thegioinuochoa.com.vn/lange/6335-whitening-set-mini.html
Tommy,Tommy Hilfiger,545.000,https://www.thegioinuochoa.com.vn/tommy-hilfiger/243-tommy.html
Versace Yellow Diamond Intense for women,Versace,247.000,https://www.thegioinuochoa.com.vn/versace/4298-versace-yellow-diamond-intense-for-women.html
Bright Crystal Absolu for women,Versace,2.252.000,https://www.thegioinuochoa.com.vn/versace/4050-bright-crystal-absolu-for-women.html
Versace Pour Homme Dylan Blue,Versace,2.578.000,https://www.thegioinuochoa.com.vn/versace/4602-versace-pour-homme-dylan-blue.html
M.O.I Matte Lipstick – LOVE No. 2,M.O.I,287.000,https://www.thegioinuochoa.com.vn/moi/6138-moi-matte-lipstick-love-no-2.html
Kem làm sáng da ban ngày,Langé,1.293.000,https://www.thegioinuochoa.com.vn/lange/6029-lightening-day-cream.html
Gift Versace Pour Homme Mini,Versace,247.000,https://www.thegioinuochoa.com.vn/versace/1252-gift-versace-pour-homme-mini.html
CHCH,Carolina Herrera,155.000,https://www.thegioinuochoa.com.vn/carolina-herrera/1300-chch.html
Versace Crystal Noir EDT,Versace,1.356.000,https://www.thegioinuochoa.com.vn/versace/200-versace-crystal-noir-edt.html
Le Male Essence Intense,Jean Paul Gaultier,2.279.000,https://www.thegioinuochoa.com.vn/jean-paul-gaultier/4676-le-male-essence-intense.html
Gel rửa mặt tạo bọt Micro Luffa,Minus 417,383.000,https://www.thegioinuochoa.com.vn/minus417/5743-facial-micro-luffa-foaming-gel-mini.html
Tắm gội 2 trong 1 cho nam,Minus 417,383.000,https://www.thegioinuochoa.com.vn/minus417/6181-for-men-body-hair-shampoo.html
Bright Crystal,Versace,2.763.000,https://www.thegioinuochoa.com.vn/versace/195-bright-crystal.html
Nước dưỡng khoáng chất cân bằng độ ẩm ,Minus 417,383.000,https://www.thegioinuochoa.com.vn/minus417/6068-re-define-mineral-infusion-hydrating-toner.html
Versace Pour Homme,Versace,2.428.000,https://www.thegioinuochoa.com.vn/versace/1164-versace-pour-homme.html
Versace Eros for Men,Versace,2.578.000,https://www.thegioinuochoa.com.vn/versace/3363-versace-eros-for-men.html
Gift Bvlgari for men 3pc ,Bvlgari,196.000,https://www.thegioinuochoa.com.vn/bvlgari/5310-gift-bvlgari-for-men-3pc.html
Bvlgari Man Wood Essence ,Bvlgari,2.520.000,https://www.thegioinuochoa.com.vn/bvlgari/5782-bvlgari-man-wood-essence.html
Xịt chống nắng dành cho da mặt SPF50,Minus 417,526.000,https://www.thegioinuochoa.com.vn/minus417/6162-time-control-beautifying-facial-defense-mist-spf50.html
Euphoria for woman,Calvin Klein,2.904.000,https://www.thegioinuochoa.com.vn/calvin-klein/356-euphoria-for-woman.html
Dầu săn chắc da,Langé,578.000,https://www.thegioinuochoa.com.vn/lange/6187-toning-beauty-oil.html
Bộ sản phẩm bùn và khoáng chất biển chết quý giá dành cho nam,Minus 417,903.000,https://www.thegioinuochoa.com.vn/minus417/6194-for-men-precious-dead-sea-minerals-and-mud.html
Bơ dưỡng thể - Hương biển,Minus 417,519.000,https://www.thegioinuochoa.com.vn/minus417/5755-serenity-legend-aromatic-deep-nutrition-body-butter-ocean.html
Bộ sản phẩm chăm sóc cơ thể và tóc - Mud Set,Minus 417,877.000,https://www.thegioinuochoa.com.vn/minus417/6318-my-body-and-hair-beauty-essentials-mud-set.html
Kem dưỡng ban đêm Hydra-Global,Langé,1.293.000,https://www.thegioinuochoa.com.vn/lange/6042-hydra-global-active-night-cream.html
Muối tẩy tế bào chết - Hương xoài và kiwi,Minus 417,584.000,https://www.thegioinuochoa.com.vn/minus417/5760-serenity-legend-aromatic-balancing-body-scrub-kiwi-mango.html
Kem dưỡng chống lão hóa ban ngày,Langé,1.235.000,https://www.thegioinuochoa.com.vn/lange/6034-nutri-protection-day-cream.html
(Một miếng) ONE SHINING DAY Hydration Cream Two Step Solution Mask,8:TY,96.000,https://www.thegioinuochoa.com.vn/8-ty/6243-mot-mieng-one-shining-day-hydration-cream-two-step-solution-mask.html
Bvlgari Man In Black,Bvlgari,2.520.000,https://www.thegioinuochoa.com.vn/bvlgari/4151-bvlgari-man-in-black.html
Bơ dưỡng thể - Hương hoa oải hương,Minus 417,519.000,https://www.thegioinuochoa.com.vn/minus417/5757-serenity-legend-aromatic-deep-nutrition-body-butter-lavender.html
Set M.O.I 24/7 Cool Cool Girl 3pcs,M.O.I,711.000,https://www.thegioinuochoa.com.vn/moi/5866-set-moi-24-7-cool-cool-girl-3pcs.html
Versace Man Eau Fraiche,Versace,610.000,https://www.thegioinuochoa.com.vn/versace/197-versace-man-eau-fraiche.html
Euphoria Intense,Calvin Klein,1.294.000,https://www.thegioinuochoa.com.vn/calvin-klein/1050-euphoria-intense.html
M.O.I Matte Lipstick – LOVE No. 2,M.O.I,287.000,https://www.thegioinuochoa.com.vn/moi/6138-moi-matte-lipstick-love-no-2.html
Signorina Misteriosa for women,Salvatore Ferragamo,247.000,https://www.thegioinuochoa.com.vn/salvatore-ferragamo/4563-signorina-misteriosa-for-women.html
Bộ kem dưỡng trắng da Whitening (Mini),Langé,625.000,https://www.thegioinuochoa.com.vn/lange/6335-whitening-set-mini.html
Bright Crystal Absolu for women,Versace,2.252.000,https://www.thegioinuochoa.com.vn/versace/4050-bright-crystal-absolu-for-women.html
Versace Yellow Diamond Intense for women,Versace,247.000,https://www.thegioinuochoa.com.vn/versace/4298-versace-yellow-diamond-intense-for-women.html
Versace Pour Homme Dylan Blue,Versace,2.578.000,https://www.thegioinuochoa.com.vn/versace/4602-versace-pour-homme-dylan-blue.html
Tommy,Tommy Hilfiger,545.000,https://www.thegioinuochoa.com.vn/tommy-hilfiger/243-tommy.html
Bơ dưỡng thể - Hương sữa và mật ong,Minus 417,519.000,https://www.thegioinuochoa.com.vn/minus417/5758-serenity-legend-aromatic-deep-nutrition-body-butter-milk-honey.html
Gift Versace Pour Homme Mini,Versace,247.000,https://www.thegioinuochoa.com.vn/versace/1252-gift-versace-pour-homme-mini.html
CHCH,Carolina Herrera,155.000,https://www.thegioinuochoa.com.vn/carolina-herrera/1300-chch.html
Le Male Essence Intense,Jean Paul Gaultier,2.279.000,https://www.thegioinuochoa.com.vn/jean-paul-gaultier/4676-le-male-essence-intense.html
Versace Crystal Noir EDT,Versace,1.356.000,https://www.thegioinuochoa.com.vn/versace/200-versace-crystal-noir-edt.html
Kem làm sáng da ban ngày,Langé,1.293.000,https://www.thegioinuochoa.com.vn/lange/6029-lightening-day-cream.html
